INSERT into dbo.Khoa
(
    MaKhoa,
    TenKhoa
)
VALUES
('100','CNTT'),
('101','KT')

INSERT INTO dbo.Lop
(
    Malop,
    TenLop,
    MaKhoa
)
VALUES
(401,'CN02','100'),
(402,'CN01','100'),
(403,'KT01','101'),
(404,'CN03','100')

INSERT INTO	dbo.SinhVien
(
    MaSV,
    HoSV,
    TenSV,
    GioiTinh,
    NgaySinh,
    QueQuan,
	MaLop,
    DiaChi,
    GhiChu
)
VALUES
( 400001, N'Lê', N'Nguyễn Hoài An', 'M', N'1991-03-08T00:00:00', N'', 401, N'', N'' ), 
( 400002, N'Nguyễn', N'Vân Anh', 'M', N'1992-03-10T00:00:00', N'', 401, N'', N'' ), 
( 400003, N'Phạm', N'Tuấn Anh', 'F', N'1989-08-08T00:00:00', N'', 401, N'', N'' ), 
( 400004, N'Trần', N'Thị Vân Anh', 'M', N'1989-02-10T00:00:00', N'', 401, N'', N'' ), 
( 400005, N'Bùi', N'Thị Ngọc Châu', 'M', N'1991-02-10T00:00:00', N'', 401, N'', N'' ), 
( 400006, N'Lê', N'Ngọc Châu', 'M', N'1991-02-12T00:00:00', N'', 401, N'', N'' ), 
( 400007, N'Nguyễn', N'Quế Chi', 'M', N'1992-10-11T00:00:00', N'', 401, N'', N'' ), 
( 400008, N'Trần', N'Thị Kiều Chinh', 'M', N'1988-07-08T00:00:00', N'', 401, N'', N'' ), 
( 400009, N'Nguyễn', N'Quốc Cường', 'F', N'1991-10-11T00:00:00', N'', 401, N'', N'' ), 
( 400010, N'Huỳnh', N'Hoài Hòang Dung', 'M', N'1990-08-08T00:00:00', N'', 401, N'', N'' ), 
( 400011, N'Trần', N'Thị Thuỳ Dung', 'M', N'1989-06-01T00:00:00', N'', 401, N'', N'' ), 
( 400012, N'Lê', N'Hoàng Dũng', 'F', N'1989-06-10T00:00:00', N'', 401, N'', N'' ), 
( 400013, N'Khưu', N'Thị Minh Duy', 'M', N'1992-05-04T00:00:00', N'', 401, N'', N'' ), 
( 400014, N'Phan', N'Thanh Duy', 'F', N'1989-03-10T00:00:00', N'', 401, N'', N'' ), 
( 400015, N'Nguyễn', N'Thành Đạt', 'F', N'1990-12-07T00:00:00', N'', 401, N'', N'' ), 
( 400016, N'Nguyễn', N'Thị Hà', 'M', N'1989-03-09T00:00:00', N'', 401, N'', N'' ), 
( 400017, N'Thái', N'Thị Thu Hằng', 'M', N'1988-01-10T00:00:00', N'', 401, N'', N'' ), 
( 400018, N'Nguyễn', N'Diệu Hiền', 'M', N'1992-06-08T00:00:00', N'', 401, N'', N'' ), 
( 400019, N'Hà', N'Văn Học', 'F', N'1991-04-10T00:00:00', N'', 401, N'', N'' ), 
( 400020, N'Nguyễn', N'Thị Hường', 'M', N'1988-02-03T00:00:00', N'', 401, N'', N'' ), 
( 400021, N'Nguyễn', N'Phước Huy', 'F', N'1992-01-10T00:00:00', N'', 402, N'', N'' ), 
( 400022, N'Nguyễn', N'Thanh Huy', 'F', N'1989-08-04T00:00:00', N'', 402, N'', N'' ), 
( 400023, N'Hòang', N'Thị Huyền', 'M', N'1990-10-06T00:00:00', N'', 402, N'', N'' ), 
( 400024, N'Nguyễn', N'Thụy Ngọc Huyền', 'M', N'1991-07-06T00:00:00', N'', 402, N'', N'' ), 
( 400025, N'Lê', N'Uyên Mai Khanh', 'M', N'1988-10-09T00:00:00', N'', 402, N'', N'' ), 
( 400026, N'Lại', N'Đăng Khoa', 'F', N'1988-02-11T00:00:00', N'', 402, N'', N'' ), 
( 400027, N'Nguyễn', N'Lê Thanh Kiều', 'M', N'1990-05-09T00:00:00', N'', 402, N'', N'' ), 
( 400028, N'Phạm', N'Thị Mộng Kiều', 'M', N'1989-08-03T00:00:00', N'', 402, N'', N'' ), 
( 400029, N'Đỗ', N'Thị Mỹ Linh', 'M', N'1990-03-05T00:00:00', N'', 402, N'', N'' ), 
( 400030, N'Đoàn', N'Thị Mỹ Linh', 'M', N'1988-12-11T00:00:00', N'', 402, N'', N'' ), 
( 400031, N'Võ', N'Thị Nhất Linh', 'M', N'1991-08-06T00:00:00', N'', 402, N'', N'' ), 
( 400032, N'Hà', N'Cẩm Loan', 'M', N'1992-11-05T00:00:00', N'', 402, N'', N'' ), 
( 400033, N'Nguyễn', N'Thị Loan', 'M', N'1990-04-11T00:00:00', N'', 402, N'', N'' ), 
( 400034, N'Nguyễn', N'Thị Thảo Ly', 'M', N'1989-02-07T00:00:00', N'', 402, N'', N'' ), 
( 400035, N'Trần', N'Trúc Ly', 'M', N'1989-02-03T00:00:00', N'', 402, N'', N'' ), 
( 400036, N'Hà', N'Quỳnh Mai', 'M', N'1990-09-12T00:00:00', N'', 402, N'', N'' ), 
( 400037, N'Nguyễn', N'Ngọc Mẫn', 'F', N'1988-05-03T00:00:00', N'', 402, N'', N'' ), 
( 400038, N'Trần', N'Thị Diễm Mi', 'M', N'1991-03-04T00:00:00', N'', 402, N'', N'' ), 
( 400039, N'Lê', N'Nguyên Thanh Minh', 'M', N'1990-04-09T00:00:00', N'', 402, N'', N'' ), 
( 400040, N'Lê', N'Thị Mơ', 'M', N'1991-05-03T00:00:00', N'', 402, N'', N'' ), 
( 400041, N'Trần', N'Thị Naxin', 'M', N'1990-01-07T00:00:00', N'', 403, N'', N'' ), 
( 400042, N'Nguyễn', N'Thị Kim Ngân', 'M', N'1989-10-10T00:00:00', N'', 403, N'', N'' ), 
( 400043, N'Trịnh', N'Ngọc Kim Ngân', 'M', N'1992-06-01T00:00:00', N'', 403, N'', N'' ), 
( 400044, N'K', N'Nghĩa', 'M', N'1989-04-04T00:00:00', N'', 403, N'', N'' ), 
( 400045, N'Nguyễn', N'Thị Bích Ngọc', 'M', N'1989-10-07T00:00:00', N'', 403, N'', N'' ), 
( 400046, N'Nguyễn', N'Thị Kim Nguyệt', 'M', N'1992-02-11T00:00:00', N'', 403, N'', N'' ), 
( 400047, N'Ka', N'Nhuyên', 'M', N'1990-12-02T00:00:00', N'', 403, N'', N'' ), 
( 400048, N'Nguyễn', N'Thị Tuyết Ninh', 'M', N'1992-10-01T00:00:00', N'', 403, N'', N'' ), 
( 400049, N'Nguyễn', N'Thị Kim Oanh', 'M', N'1990-07-01T00:00:00', N'', 403, N'', N'' ), 
( 400050, N'Trần', N'Huy Phú', 'F', N'1992-06-06T00:00:00', N'', 403, N'', N'' ), 
( 400051, N'Nguyễn', N'Ngọc Bích Phượng', 'M', N'1991-06-05T00:00:00', N'', 403, N'', N'' ), 
( 400052, N'Bùi', N'Nhật Quang', 'F', N'1988-03-11T00:00:00', N'', 403, N'', N'' ), 
( 400053, N'Trần', N'Đình Quốc', 'F', N'1990-02-07T00:00:00', N'', 403, N'', N'' ), 
( 400054, N'Huỳnh', N'Ngô Xuân Quỳnh', 'M', N'1989-08-02T00:00:00', N'', 403, N'', N'' ), 
( 400055, N'Nguyễn', N'Cảnh Sang', 'F', N'1988-02-01T00:00:00', N'', 403, N'', N'' ), 
( 400056, N'Nguyễn', N'Tân', 'F', N'1989-03-03T00:00:00', N'', 403, N'', N'' ), 
( 400057, N'Lâm', N'Thanh Tấn', 'F', N'1989-01-10T00:00:00', N'', 403, N'', N'' ), 
( 400058, N'Huỳnh', N'Thị Hồng Thắm', 'M', N'1989-10-01T00:00:00', N'', 403, N'', N'' ), 
( 400059, N'Nhan', N'Thị Ngọc Thân', 'M', N'1989-09-08T00:00:00', N'', 403, N'', N'' ), 
( 400060, N'Nguyễn', N'Vũ Thắng', 'F', N'1992-11-03T00:00:00', N'', 403, N'', N'' ), 
( 400061, N'Phạm', N'Thị Ngọc Thanh', 'M', N'1988-04-02T00:00:00', N'', 404, N'', N'' ), 
( 400062, N'Sams', N'Xuân Thanh', 'F', N'1989-08-09T00:00:00', N'', 404, N'', N'' ), 
( 400063, N'Nguyễn', N'Khắc Thành', 'F', N'1992-02-12T00:00:00', N'', 404, N'', N'' ), 
( 400064, N'Lã', N'Quang Thịnh', 'F', N'1991-12-07T00:00:00', N'', 404, N'', N'' ), 
( 400065, N'Nguyễn', N'Thị Kim Thoa', 'M', N'1989-10-11T00:00:00', N'', 404, N'', N'' ), 
( 400066, N'Phạm', N'Thị Kim Thoa', 'M', N'1988-07-04T00:00:00', N'', 404, N'', N'' ), 
( 400067, N'Đoàn', N'Lê Bảo Trân', 'M', N'1991-07-03T00:00:00', N'', 404, N'', N'' ), 
( 400068, N'Đoàn', N'Đức Trọng', 'F', N'1991-01-04T00:00:00', N'', 404, N'', N'' ), 
( 400069, N'Lê', N'Quang Trung', 'F', N'1992-09-02T00:00:00', N'', 404, N'', N'' ), 
( 400070, N'Thân', N'Trọng Trung', 'F', N'1989-10-10T00:00:00', N'', 404, N'', N'' ), 
( 400071, N'Huỳnh', N'Bá Trường', 'F', N'1989-03-04T00:00:00', N'', 404, N'', N'' ), 
( 400072, N'Bành', N'Ngọc Tú', 'M', N'1992-03-01T00:00:00', N'', 404, N'', N'' ), 
( 400073, N'Nguyễn', N'Thị Ngọc Tú', 'M', N'1992-03-12T00:00:00', N'', 404, N'', N'' ), 
( 400074, N'Lã', N'Thị Thanh Vân', 'M', N'1990-09-08T00:00:00', N'', 404, N'', N'' ), 
( 400075, N'Trần', N'Thị Như Vân', 'M', N'1989-05-10T00:00:00', N'', 404, N'', N'' ), 
( 400076, N'Bùi', N'Thế Vinh', 'F', N'1988-07-10T00:00:00', N'', 404, N'', N'' ), 
( 400077, N'Nguyễn', N'Ái Vy', 'M', N'1991-04-06T00:00:00', N'', 404, N'', N'' ), 
( 400078, N'Trần', N'Thị Thanh Xuân', 'M', N'1988-01-06T00:00:00', N'', 404, N'', N'' ), 
( 400079, N'Đinh', N'Thị Phi Yến', 'M', N'1989-11-11T00:00:00', N'', 404, N'', N'' ), 
( 400080, N'Lê', N'Văn Ý', 'M', N'1988-12-11T00:00:00', N'', 404, N'', N'' )

INSERT INTO dbo.MonHoc
(
    TenMH,
    MaKhoa
)
VALUES
(  N'Data S','100' ), 
(  N'CSDL' ,'100'), 
(  N'Proje' ,'100'), 
(  N'System' ,'100'), 
(  N'Compu' ,'100'), 
(  N'Objec','100' ), 
(  N'Intro','100' )

INSERT INTO dbo.Hoc
(
    MaSV,
    MaMH,
    NgayDangKy,
    DiemTrungBinh
)
VALUES
( 400001, 1, N'1991-03-08T00:00:00', 8 ), 
( 400001, 2, N'1991-03-08T00:00:00', 3 ), 
( 400001, 3, N'1991-03-08T00:00:00', 5 ), 
( 400001, 4, N'1991-03-08T00:00:00', 10 ), 
( 400001, 5, N'1991-03-08T00:00:00', 7 ), 
( 400001, 6, N'1991-03-08T00:00:00', 9 ), 
( 400001, 7, N'1991-03-08T00:00:00', 8 ), 
( 400002, 1, N'1991-03-08T00:00:00', 3 ), 
( 400002, 2, N'1991-03-08T00:00:00', 5 ), 
( 400002, 3, N'1991-03-08T00:00:00', 3 ), 
( 400002, 4, N'1991-03-08T00:00:00', 4 ), 
( 400002, 5, N'1991-03-08T00:00:00', 10 ), 
( 400002, 6, N'1991-03-08T00:00:00', 6 ), 
( 400002, 7, N'1991-03-08T00:00:00', 8 ), 
( 400003, 1, N'1991-03-08T00:00:00', 6 ), 
( 400003, 2, N'1991-03-08T00:00:00', 5 ), 
( 400003, 3, N'1991-03-08T00:00:00', 9 ), 
( 400003, 4, N'1991-03-08T00:00:00', 9 ), 
( 400003, 5, N'1991-03-08T00:00:00', 4 ), 
( 400003, 6, N'1991-03-08T00:00:00', 4 ), 
( 400003, 7, N'1991-03-08T00:00:00', 5 ), 
( 400004, 1, N'1991-03-08T00:00:00', 5 ), 
( 400004, 2, N'1991-03-08T00:00:00', 3 ), 
( 400004, 3, N'1991-03-08T00:00:00', 4 ), 
( 400004, 4, N'1991-03-08T00:00:00', 9 ), 
( 400004, 5, N'1991-03-08T00:00:00', 10 ), 
( 400004, 6, N'1991-03-08T00:00:00', 10 ), 
( 400004, 7, N'1991-03-08T00:00:00', 9 ), 
( 400005, 1, N'1991-03-08T00:00:00', 8 ), 
( 400005, 2, N'1991-03-08T00:00:00', 4 ), 
( 400005, 3, N'1991-03-08T00:00:00', 5 ), 
( 400005, 4, N'1991-03-08T00:00:00', 9 ), 
( 400005, 5, N'1991-03-08T00:00:00', 5 ), 
( 400005, 6, N'1991-03-08T00:00:00', 6 ), 
( 400005, 7, N'1991-03-08T00:00:00', 5 ), 
( 400006, 1, N'1991-03-08T00:00:00', 9 ), 
( 400006, 2, N'1991-03-08T00:00:00', 10 ), 
( 400006, 3, N'1991-03-08T00:00:00', 10 ), 
( 400006, 4, N'1991-03-08T00:00:00', 6 ), 
( 400006, 5, N'1991-03-08T00:00:00', 5 ), 
( 400006, 6, N'1991-03-08T00:00:00', 9 ), 
( 400006, 7, N'1991-03-08T00:00:00', 3 ), 
( 400007, 1, N'1991-03-08T00:00:00', 10 ), 
( 400007, 2, N'1991-03-08T00:00:00', 3 ), 
( 400007, 3, N'1991-03-08T00:00:00', 8 ), 
( 400007, 4, N'1991-03-08T00:00:00', 9 ), 
( 400007, 5, N'1991-03-08T00:00:00', 8 ), 
( 400007, 6, N'1991-03-08T00:00:00', 6 ), 
( 400007, 7, N'1991-03-08T00:00:00', 5 ), 
( 400008, 1, N'1991-03-08T00:00:00', 10 ), 
( 400008, 2, N'1991-03-08T00:00:00', 6 ), 
( 400008, 3, N'1991-03-08T00:00:00', 7 ), 
( 400008, 4, N'1991-03-08T00:00:00', 4 ), 
( 400008, 5, N'1991-03-08T00:00:00', 5 ), 
( 400008, 6, N'1991-03-08T00:00:00', 7 ), 
( 400008, 7, N'1991-03-08T00:00:00', 10 ), 
( 400009, 1, N'1991-03-08T00:00:00', 10 ), 
( 400009, 2, N'1991-03-08T00:00:00', 7 ), 
( 400009, 3, N'1991-03-08T00:00:00', 3 ), 
( 400009, 4, N'1991-03-08T00:00:00', 5 ), 
( 400009, 5, N'1991-03-08T00:00:00', 8 ), 
( 400009, 6, N'1991-03-08T00:00:00', 7 ), 
( 400009, 7, N'1991-03-08T00:00:00', 8 ), 
( 400010, 1, N'1991-03-08T00:00:00', 10 ), 
( 400010, 2, N'1991-03-08T00:00:00', 5 ), 
( 400010, 3, N'1991-03-08T00:00:00', 5 ), 
( 400010, 4, N'1991-03-08T00:00:00', 7 ), 
( 400010, 5, N'1991-03-08T00:00:00', 3 ), 
( 400010, 6, N'1991-03-08T00:00:00', 3 ), 
( 400010, 7, N'1991-03-08T00:00:00', 5 ), 
( 400011, 1, N'1991-03-08T00:00:00', 7 ), 
( 400011, 2, N'1991-03-08T00:00:00', 7 ), 
( 400011, 3, N'1991-03-08T00:00:00', 7 ), 
( 400011, 4, N'1991-03-08T00:00:00', 4 ), 
( 400011, 5, N'1991-03-08T00:00:00', 7 ), 
( 400011, 6, N'1991-03-08T00:00:00', 7 ), 
( 400011, 7, N'1991-03-08T00:00:00', 8 ), 
( 400012, 1, N'1991-03-08T00:00:00', 10 ), 
( 400012, 2, N'1991-03-08T00:00:00', 7 ), 
( 400012, 3, N'1991-03-08T00:00:00', 6 ), 
( 400012, 4, N'1991-03-08T00:00:00', 8 ), 
( 400012, 5, N'1991-03-08T00:00:00', 9 ), 
( 400012, 6, N'1991-03-08T00:00:00', 10 ), 
( 400012, 7, N'1991-03-08T00:00:00', 8 ), 
( 400013, 1, N'1991-03-08T00:00:00', 9 ), 
( 400013, 2, N'1991-03-08T00:00:00', 8 ), 
( 400013, 3, N'1991-03-08T00:00:00', 4 ), 
( 400013, 4, N'1991-03-08T00:00:00', 7 ), 
( 400013, 5, N'1991-03-08T00:00:00', 5 ), 
( 400013, 6, N'1991-03-08T00:00:00', 5 ), 
( 400013, 7, N'1991-03-08T00:00:00', 4 ), 
( 400014, 1, N'1991-03-08T00:00:00', 4 ), 
( 400014, 2, N'1991-03-08T00:00:00', 7 ), 
( 400014, 3, N'1991-03-08T00:00:00', 9 ), 
( 400014, 4, N'1991-03-08T00:00:00', 3 ), 
( 400014, 5, N'1991-03-08T00:00:00', 9 ), 
( 400014, 6, N'1991-03-08T00:00:00', 9 ), 
( 400014, 7, N'1991-03-08T00:00:00', 5 ), 
( 400015, 1, N'1991-03-08T00:00:00', 5 ), 
( 400015, 2, N'1991-03-08T00:00:00', 4 ), 
( 400015, 3, N'1991-03-08T00:00:00', 5 ), 
( 400015, 4, N'1991-03-08T00:00:00', 10 ), 
( 400015, 5, N'1991-03-08T00:00:00', 3 ), 
( 400015, 6, N'1991-03-08T00:00:00', 10 ), 
( 400015, 7, N'1991-03-08T00:00:00', 5 ), 
( 400016, 1, N'1991-03-08T00:00:00', 8 ), 
( 400016, 2, N'1991-03-08T00:00:00', 10 ), 
( 400016, 3, N'1991-03-08T00:00:00', 4 ), 
( 400016, 4, N'1991-03-08T00:00:00', 3 ), 
( 400016, 5, N'1991-03-08T00:00:00', 5 ), 
( 400016, 6, N'1991-03-08T00:00:00', 10 ), 
( 400016, 7, N'1991-03-08T00:00:00', 10 ), 
( 400017, 1, N'1991-03-08T00:00:00', 3 ), 
( 400017, 2, N'1991-03-08T00:00:00', 4 ), 
( 400017, 3, N'1991-03-08T00:00:00', 9 ), 
( 400017, 4, N'1991-03-08T00:00:00', 8 ), 
( 400017, 5, N'1991-03-08T00:00:00', 6 ), 
( 400017, 6, N'1991-03-08T00:00:00', 7 ), 
( 400017, 7, N'1991-03-08T00:00:00', 8 ), 
( 400018, 1, N'1991-03-08T00:00:00', 7 ), 
( 400018, 2, N'1991-03-08T00:00:00', 6 ), 
( 400018, 3, N'1991-03-08T00:00:00', 5 ), 
( 400018, 4, N'1991-03-08T00:00:00', 8 ), 
( 400018, 5, N'1991-03-08T00:00:00', 5 ), 
( 400018, 6, N'1991-03-08T00:00:00', 7 ), 
( 400018, 7, N'1991-03-08T00:00:00', 7 ), 
( 400019, 1, N'1991-03-08T00:00:00', 6 ), 
( 400019, 2, N'1991-03-08T00:00:00', 5 ), 
( 400019, 3, N'1991-03-08T00:00:00', 3 ), 
( 400019, 4, N'1991-03-08T00:00:00', 7 ), 
( 400019, 5, N'1991-03-08T00:00:00', 4 ), 
( 400019, 6, N'1991-03-08T00:00:00', 10 ), 
( 400019, 7, N'1991-03-08T00:00:00', 6 ), 
( 400020, 1, N'1991-03-08T00:00:00', 9 ), 
( 400020, 2, N'1991-03-08T00:00:00', 4 ), 
( 400020, 3, N'1991-03-08T00:00:00', 5 ), 
( 400020, 4, N'1991-03-08T00:00:00', 8 ), 
( 400020, 5, N'1991-03-08T00:00:00', 7 ), 
( 400020, 6, N'1991-03-08T00:00:00', 9 ), 
( 400020, 7, N'1991-03-08T00:00:00', 6 ), 
( 400001, 1, N'1992-03-10T00:00:00', 8 ), 
( 400001, 2, N'1992-03-10T00:00:00', 3 ), 
( 400001, 3, N'1992-03-10T00:00:00', 5 ), 
( 400001, 4, N'1992-03-10T00:00:00', 10 ), 
( 400001, 5, N'1992-03-10T00:00:00', 7 ), 
( 400001, 6, N'1992-03-10T00:00:00', 9 ), 
( 400001, 7, N'1992-03-10T00:00:00', 8 ), 
( 400002, 1, N'1992-03-10T00:00:00', 3 ), 
( 400002, 2, N'1992-03-10T00:00:00', 5 ), 
( 400002, 3, N'1992-03-10T00:00:00', 3 ), 
( 400002, 4, N'1992-03-10T00:00:00', 4 ), 
( 400002, 5, N'1992-03-10T00:00:00', 10 ), 
( 400002, 6, N'1992-03-10T00:00:00', 6 ), 
( 400002, 7, N'1992-03-10T00:00:00', 8 ), 
( 400003, 1, N'1992-03-10T00:00:00', 6 ), 
( 400003, 2, N'1992-03-10T00:00:00', 5 ), 
( 400003, 3, N'1992-03-10T00:00:00', 9 ), 
( 400003, 4, N'1992-03-10T00:00:00', 9 ), 
( 400003, 5, N'1992-03-10T00:00:00', 4 ), 
( 400003, 6, N'1992-03-10T00:00:00', 4 ), 
( 400003, 7, N'1992-03-10T00:00:00', 5 ), 
( 400004, 1, N'1992-03-10T00:00:00', 5 ), 
( 400004, 2, N'1992-03-10T00:00:00', 3 ), 
( 400004, 3, N'1992-03-10T00:00:00', 4 ), 
( 400004, 4, N'1992-03-10T00:00:00', 9 ), 
( 400004, 5, N'1992-03-10T00:00:00', 10 ), 
( 400004, 6, N'1992-03-10T00:00:00', 10 ), 
( 400004, 7, N'1992-03-10T00:00:00', 9 ), 
( 400005, 1, N'1992-03-10T00:00:00', 8 ), 
( 400005, 2, N'1992-03-10T00:00:00', 4 ), 
( 400005, 3, N'1992-03-10T00:00:00', 5 ), 
( 400005, 4, N'1992-03-10T00:00:00', 9 ), 
( 400005, 5, N'1992-03-10T00:00:00', 5 ), 
( 400005, 6, N'1992-03-10T00:00:00', 6 ), 
( 400005, 7, N'1992-03-10T00:00:00', 5 ), 
( 400006, 1, N'1992-03-10T00:00:00', 9 ), 
( 400006, 2, N'1992-03-10T00:00:00', 10 ), 
( 400006, 3, N'1992-03-10T00:00:00', 10 ), 
( 400006, 4, N'1992-03-10T00:00:00', 6 ), 
( 400006, 5, N'1992-03-10T00:00:00', 5 ), 
( 400006, 6, N'1992-03-10T00:00:00', 9 ), 
( 400006, 7, N'1992-03-10T00:00:00', 3 ), 
( 400007, 1, N'1992-03-10T00:00:00', 10 ), 
( 400007, 2, N'1992-03-10T00:00:00', 3 ), 
( 400007, 3, N'1992-03-10T00:00:00', 8 ), 
( 400007, 4, N'1992-03-10T00:00:00', 9 ), 
( 400007, 5, N'1992-03-10T00:00:00', 8 ), 
( 400007, 6, N'1992-03-10T00:00:00', 6 ), 
( 400007, 7, N'1992-03-10T00:00:00', 5 ), 
( 400008, 1, N'1992-03-10T00:00:00', 10 ), 
( 400008, 2, N'1992-03-10T00:00:00', 6 ), 
( 400008, 3, N'1992-03-10T00:00:00', 7 ), 
( 400008, 4, N'1992-03-10T00:00:00', 4 ), 
( 400008, 5, N'1992-03-10T00:00:00', 5 ), 
( 400008, 6, N'1992-03-10T00:00:00', 7 ), 
( 400008, 7, N'1992-03-10T00:00:00', 10 ), 
( 400009, 1, N'1992-03-10T00:00:00', 10 ), 
( 400009, 2, N'1992-03-10T00:00:00', 7 ), 
( 400009, 3, N'1992-03-10T00:00:00', 3 ), 
( 400009, 4, N'1992-03-10T00:00:00', 5 ), 
( 400009, 5, N'1992-03-10T00:00:00', 8 ), 
( 400009, 6, N'1992-03-10T00:00:00', 7 ), 
( 400009, 7, N'1992-03-10T00:00:00', 8 ), 
( 400010, 1, N'1992-03-10T00:00:00', 10 ), 
( 400010, 2, N'1992-03-10T00:00:00', 5 ), 
( 400010, 3, N'1992-03-10T00:00:00', 5 ), 
( 400010, 4, N'1992-03-10T00:00:00', 7 ), 
( 400010, 5, N'1992-03-10T00:00:00', 3 ), 
( 400010, 6, N'1992-03-10T00:00:00', 3 ), 
( 400010, 7, N'1992-03-10T00:00:00', 5 ), 
( 400011, 1, N'1992-03-10T00:00:00', 7 ), 
( 400011, 2, N'1992-03-10T00:00:00', 7 ), 
( 400011, 3, N'1992-03-10T00:00:00', 7 ), 
( 400011, 4, N'1992-03-10T00:00:00', 4 ), 
( 400011, 5, N'1992-03-10T00:00:00', 7 ), 
( 400011, 6, N'1992-03-10T00:00:00', 7 ), 
( 400011, 7, N'1992-03-10T00:00:00', 8 ), 
( 400012, 1, N'1992-03-10T00:00:00', 10 ), 
( 400012, 2, N'1992-03-10T00:00:00', 7 ), 
( 400012, 3, N'1992-03-10T00:00:00', 6 ), 
( 400012, 4, N'1992-03-10T00:00:00', 8 ), 
( 400012, 5, N'1992-03-10T00:00:00', 9 ), 
( 400012, 6, N'1992-03-10T00:00:00', 10 ), 
( 400012, 7, N'1992-03-10T00:00:00', 8 ), 
( 400013, 1, N'1992-03-10T00:00:00', 9 ), 
( 400013, 2, N'1992-03-10T00:00:00', 8 ), 
( 400013, 3, N'1992-03-10T00:00:00', 4 ), 
( 400013, 4, N'1992-03-10T00:00:00', 7 ), 
( 400013, 5, N'1992-03-10T00:00:00', 5 ), 
( 400013, 6, N'1992-03-10T00:00:00', 5 ), 
( 400013, 7, N'1992-03-10T00:00:00', 4 ), 
( 400014, 1, N'1992-03-10T00:00:00', 4 ), 
( 400014, 2, N'1992-03-10T00:00:00', 7 ), 
( 400014, 3, N'1992-03-10T00:00:00', 9 ), 
( 400014, 4, N'1992-03-10T00:00:00', 3 ), 
( 400014, 5, N'1992-03-10T00:00:00', 9 ), 
( 400014, 6, N'1992-03-10T00:00:00', 9 ), 
( 400014, 7, N'1992-03-10T00:00:00', 5 ), 
( 400015, 1, N'1992-03-10T00:00:00', 5 ), 
( 400015, 2, N'1992-03-10T00:00:00', 4 ), 
( 400015, 3, N'1992-03-10T00:00:00', 5 ), 
( 400015, 4, N'1992-03-10T00:00:00', 10 ), 
( 400015, 5, N'1992-03-10T00:00:00', 3 ), 
( 400015, 6, N'1992-03-10T00:00:00', 10 ), 
( 400015, 7, N'1992-03-10T00:00:00', 5 ), 
( 400016, 1, N'1992-03-10T00:00:00', 8 ), 
( 400016, 2, N'1992-03-10T00:00:00', 10 ), 
( 400016, 3, N'1992-03-10T00:00:00', 4 ), 
( 400016, 4, N'1992-03-10T00:00:00', 3 ), 
( 400016, 5, N'1992-03-10T00:00:00', 5 ), 
( 400016, 6, N'1992-03-10T00:00:00', 10 ), 
( 400016, 7, N'1992-03-10T00:00:00', 10 ), 
( 400017, 1, N'1992-03-10T00:00:00', 3 ), 
( 400017, 2, N'1992-03-10T00:00:00', 4 ), 
( 400017, 3, N'1992-03-10T00:00:00', 9 ), 
( 400017, 4, N'1992-03-10T00:00:00', 8 ), 
( 400017, 5, N'1992-03-10T00:00:00', 6 ), 
( 400017, 6, N'1992-03-10T00:00:00', 7 ), 
( 400017, 7, N'1992-03-10T00:00:00', 8 ), 
( 400018, 1, N'1992-03-10T00:00:00', 7 ), 
( 400018, 2, N'1992-03-10T00:00:00', 6 ), 
( 400018, 3, N'1992-03-10T00:00:00', 5 ), 
( 400018, 4, N'1992-03-10T00:00:00', 8 ), 
( 400018, 5, N'1992-03-10T00:00:00', 5 ), 
( 400018, 6, N'1992-03-10T00:00:00', 7 ), 
( 400018, 7, N'1992-03-10T00:00:00', 7 ), 
( 400019, 1, N'1992-03-10T00:00:00', 6 ), 
( 400019, 2, N'1992-03-10T00:00:00', 5 ), 
( 400019, 3, N'1992-03-10T00:00:00', 3 ), 
( 400019, 4, N'1992-03-10T00:00:00', 7 ), 
( 400019, 5, N'1992-03-10T00:00:00', 4 ), 
( 400019, 6, N'1992-03-10T00:00:00', 10 ), 
( 400019, 7, N'1992-03-10T00:00:00', 6 ), 
( 400020, 1, N'1992-03-10T00:00:00', 9 ), 
( 400020, 2, N'1992-03-10T00:00:00', 4 ), 
( 400020, 3, N'1992-03-10T00:00:00', 5 ), 
( 400020, 4, N'1992-03-10T00:00:00', 8 ), 
( 400020, 5, N'1992-03-10T00:00:00', 7 ), 
( 400020, 6, N'1992-03-10T00:00:00', 9 ), 
( 400020, 7, N'1992-03-10T00:00:00', 6 ), 
( 400001, 1, N'1989-08-08T00:00:00', 8 ), 
( 400001, 2, N'1989-08-08T00:00:00', 3 ), 
( 400001, 3, N'1989-08-08T00:00:00', 5 ), 
( 400001, 4, N'1989-08-08T00:00:00', 10 ), 
( 400001, 5, N'1989-08-08T00:00:00', 7 ), 
( 400001, 6, N'1989-08-08T00:00:00', 9 ), 
( 400001, 7, N'1989-08-08T00:00:00', 8 ), 
( 400002, 1, N'1989-08-08T00:00:00', 3 ), 
( 400002, 2, N'1989-08-08T00:00:00', 5 ), 
( 400002, 3, N'1989-08-08T00:00:00', 3 ), 
( 400002, 4, N'1989-08-08T00:00:00', 4 ), 
( 400002, 5, N'1989-08-08T00:00:00', 10 ), 
( 400002, 6, N'1989-08-08T00:00:00', 6 ), 
( 400002, 7, N'1989-08-08T00:00:00', 8 ), 
( 400003, 1, N'1989-08-08T00:00:00', 6 ), 
( 400003, 2, N'1989-08-08T00:00:00', 5 ), 
( 400003, 3, N'1989-08-08T00:00:00', 9 ), 
( 400003, 4, N'1989-08-08T00:00:00', 9 ), 
( 400003, 5, N'1989-08-08T00:00:00', 4 ), 
( 400003, 6, N'1989-08-08T00:00:00', 4 ), 
( 400003, 7, N'1989-08-08T00:00:00', 5 ), 
( 400004, 1, N'1989-08-08T00:00:00', 5 ), 
( 400004, 2, N'1989-08-08T00:00:00', 3 ), 
( 400004, 3, N'1989-08-08T00:00:00', 4 ), 
( 400004, 4, N'1989-08-08T00:00:00', 9 ), 
( 400004, 5, N'1989-08-08T00:00:00', 10 ), 
( 400004, 6, N'1989-08-08T00:00:00', 10 ), 
( 400004, 7, N'1989-08-08T00:00:00', 9 ), 
( 400005, 1, N'1989-08-08T00:00:00', 8 ), 
( 400005, 2, N'1989-08-08T00:00:00', 4 ), 
( 400005, 3, N'1989-08-08T00:00:00', 5 ), 
( 400005, 4, N'1989-08-08T00:00:00', 9 ), 
( 400005, 5, N'1989-08-08T00:00:00', 5 ), 
( 400005, 6, N'1989-08-08T00:00:00', 6 ), 
( 400005, 7, N'1989-08-08T00:00:00', 5 ), 
( 400006, 1, N'1989-08-08T00:00:00', 9 ), 
( 400006, 2, N'1989-08-08T00:00:00', 10 ), 
( 400006, 3, N'1989-08-08T00:00:00', 10 ), 
( 400006, 4, N'1989-08-08T00:00:00', 6 ), 
( 400006, 5, N'1989-08-08T00:00:00', 5 ), 
( 400006, 6, N'1989-08-08T00:00:00', 9 ), 
( 400006, 7, N'1989-08-08T00:00:00', 3 ), 
( 400007, 1, N'1989-08-08T00:00:00', 10 ), 
( 400007, 2, N'1989-08-08T00:00:00', 3 ), 
( 400007, 3, N'1989-08-08T00:00:00', 8 ), 
( 400007, 4, N'1989-08-08T00:00:00', 9 ), 
( 400007, 5, N'1989-08-08T00:00:00', 8 ), 
( 400007, 6, N'1989-08-08T00:00:00', 6 ), 
( 400007, 7, N'1989-08-08T00:00:00', 5 ), 
( 400008, 1, N'1989-08-08T00:00:00', 10 ), 
( 400008, 2, N'1989-08-08T00:00:00', 6 ), 
( 400008, 3, N'1989-08-08T00:00:00', 7 ), 
( 400008, 4, N'1989-08-08T00:00:00', 4 ), 
( 400008, 5, N'1989-08-08T00:00:00', 5 ), 
( 400008, 6, N'1989-08-08T00:00:00', 7 ), 
( 400008, 7, N'1989-08-08T00:00:00', 10 ), 
( 400009, 1, N'1989-08-08T00:00:00', 10 ), 
( 400009, 2, N'1989-08-08T00:00:00', 7 ), 
( 400009, 3, N'1989-08-08T00:00:00', 3 ), 
( 400009, 4, N'1989-08-08T00:00:00', 5 ), 
( 400009, 5, N'1989-08-08T00:00:00', 8 ), 
( 400009, 6, N'1989-08-08T00:00:00', 7 ), 
( 400009, 7, N'1989-08-08T00:00:00', 8 ), 
( 400010, 1, N'1989-08-08T00:00:00', 10 ), 
( 400010, 2, N'1989-08-08T00:00:00', 5 ), 
( 400010, 3, N'1989-08-08T00:00:00', 5 ), 
( 400010, 4, N'1989-08-08T00:00:00', 7 ), 
( 400010, 5, N'1989-08-08T00:00:00', 3 ), 
( 400010, 6, N'1989-08-08T00:00:00', 3 ), 
( 400010, 7, N'1989-08-08T00:00:00', 5 ), 
( 400011, 1, N'1989-08-08T00:00:00', 7 ), 
( 400011, 2, N'1989-08-08T00:00:00', 7 ), 
( 400011, 3, N'1989-08-08T00:00:00', 7 ), 
( 400011, 4, N'1989-08-08T00:00:00', 4 ), 
( 400011, 5, N'1989-08-08T00:00:00', 7 ), 
( 400011, 6, N'1989-08-08T00:00:00', 7 ), 
( 400011, 7, N'1989-08-08T00:00:00', 8 ), 
( 400012, 1, N'1989-08-08T00:00:00', 10 ), 
( 400012, 2, N'1989-08-08T00:00:00', 7 ), 
( 400012, 3, N'1989-08-08T00:00:00', 6 ), 
( 400012, 4, N'1989-08-08T00:00:00', 8 ), 
( 400012, 5, N'1989-08-08T00:00:00', 9 ), 
( 400012, 6, N'1989-08-08T00:00:00', 10 ), 
( 400012, 7, N'1989-08-08T00:00:00', 8 ), 
( 400013, 1, N'1989-08-08T00:00:00', 9 ), 
( 400013, 2, N'1989-08-08T00:00:00', 8 ), 
( 400013, 3, N'1989-08-08T00:00:00', 4 ), 
( 400013, 4, N'1989-08-08T00:00:00', 7 ), 
( 400013, 5, N'1989-08-08T00:00:00', 5 ), 
( 400013, 6, N'1989-08-08T00:00:00', 5 ), 
( 400013, 7, N'1989-08-08T00:00:00', 4 ), 
( 400014, 1, N'1989-08-08T00:00:00', 4 ), 
( 400014, 2, N'1989-08-08T00:00:00', 7 ), 
( 400014, 3, N'1989-08-08T00:00:00', 9 ), 
( 400014, 4, N'1989-08-08T00:00:00', 3 ), 
( 400014, 5, N'1989-08-08T00:00:00', 9 ), 
( 400014, 6, N'1989-08-08T00:00:00', 9 ), 
( 400014, 7, N'1989-08-08T00:00:00', 5 ), 
( 400015, 1, N'1989-08-08T00:00:00', 5 ), 
( 400015, 2, N'1989-08-08T00:00:00', 4 ), 
( 400015, 3, N'1989-08-08T00:00:00', 5 ), 
( 400015, 4, N'1989-08-08T00:00:00', 10 ), 
( 400015, 5, N'1989-08-08T00:00:00', 3 ), 
( 400015, 6, N'1989-08-08T00:00:00', 10 ), 
( 400015, 7, N'1989-08-08T00:00:00', 5 ), 
( 400016, 1, N'1989-08-08T00:00:00', 8 ), 
( 400016, 2, N'1989-08-08T00:00:00', 10 ), 
( 400016, 3, N'1989-08-08T00:00:00', 4 ), 
( 400016, 4, N'1989-08-08T00:00:00', 3 ), 
( 400016, 5, N'1989-08-08T00:00:00', 5 ), 
( 400016, 6, N'1989-08-08T00:00:00', 10 ), 
( 400016, 7, N'1989-08-08T00:00:00', 10 ), 
( 400017, 1, N'1989-08-08T00:00:00', 3 ), 
( 400017, 2, N'1989-08-08T00:00:00', 4 ), 
( 400017, 3, N'1989-08-08T00:00:00', 9 ), 
( 400017, 4, N'1989-08-08T00:00:00', 8 ), 
( 400017, 5, N'1989-08-08T00:00:00', 6 ), 
( 400017, 6, N'1989-08-08T00:00:00', 7 ), 
( 400017, 7, N'1989-08-08T00:00:00', 8 ), 
( 400018, 1, N'1989-08-08T00:00:00', 7 ), 
( 400018, 2, N'1989-08-08T00:00:00', 6 ), 
( 400018, 3, N'1989-08-08T00:00:00', 5 ), 
( 400018, 4, N'1989-08-08T00:00:00', 8 ), 
( 400018, 5, N'1989-08-08T00:00:00', 5 ), 
( 400018, 6, N'1989-08-08T00:00:00', 7 ), 
( 400018, 7, N'1989-08-08T00:00:00', 7 ), 
( 400019, 1, N'1989-08-08T00:00:00', 6 ), 
( 400019, 2, N'1989-08-08T00:00:00', 5 ), 
( 400019, 3, N'1989-08-08T00:00:00', 3 ), 
( 400019, 4, N'1989-08-08T00:00:00', 7 ), 
( 400019, 5, N'1989-08-08T00:00:00', 4 ), 
( 400019, 6, N'1989-08-08T00:00:00', 10 ), 
( 400019, 7, N'1989-08-08T00:00:00', 6 ), 
( 400020, 1, N'1989-08-08T00:00:00', 9 ), 
( 400020, 2, N'1989-08-08T00:00:00', 4 ), 
( 400020, 3, N'1989-08-08T00:00:00', 5 ), 
( 400020, 4, N'1989-08-08T00:00:00', 8 ), 
( 400020, 5, N'1989-08-08T00:00:00', 7 ), 
( 400020, 6, N'1989-08-08T00:00:00', 9 ), 
( 400020, 7, N'1989-08-08T00:00:00', 6 ), 
( 400001, 1, N'1989-02-10T00:00:00', 8 ), 
( 400001, 2, N'1989-02-10T00:00:00', 3 ), 
( 400001, 3, N'1989-02-10T00:00:00', 5 ), 
( 400001, 4, N'1989-02-10T00:00:00', 10 ), 
( 400001, 5, N'1989-02-10T00:00:00', 7 ), 
( 400001, 6, N'1989-02-10T00:00:00', 9 ), 
( 400001, 7, N'1989-02-10T00:00:00', 8 ), 
( 400002, 1, N'1989-02-10T00:00:00', 3 ), 
( 400002, 2, N'1989-02-10T00:00:00', 5 ), 
( 400002, 3, N'1989-02-10T00:00:00', 3 ), 
( 400002, 4, N'1989-02-10T00:00:00', 4 ), 
( 400002, 5, N'1989-02-10T00:00:00', 10 ), 
( 400002, 6, N'1989-02-10T00:00:00', 6 ), 
( 400002, 7, N'1989-02-10T00:00:00', 8 ), 
( 400003, 1, N'1989-02-10T00:00:00', 6 ), 
( 400003, 2, N'1989-02-10T00:00:00', 5 ), 
( 400003, 3, N'1989-02-10T00:00:00', 9 ), 
( 400003, 4, N'1989-02-10T00:00:00', 9 ), 
( 400003, 5, N'1989-02-10T00:00:00', 4 ), 
( 400003, 6, N'1989-02-10T00:00:00', 4 ), 
( 400003, 7, N'1989-02-10T00:00:00', 5 ), 
( 400004, 1, N'1989-02-10T00:00:00', 5 ), 
( 400004, 2, N'1989-02-10T00:00:00', 3 ), 
( 400004, 3, N'1989-02-10T00:00:00', 4 ), 
( 400004, 4, N'1989-02-10T00:00:00', 9 ), 
( 400004, 5, N'1989-02-10T00:00:00', 10 ), 
( 400004, 6, N'1989-02-10T00:00:00', 10 ), 
( 400004, 7, N'1989-02-10T00:00:00', 9 ), 
( 400005, 1, N'1989-02-10T00:00:00', 8 ), 
( 400005, 2, N'1989-02-10T00:00:00', 4 ), 
( 400005, 3, N'1989-02-10T00:00:00', 5 ), 
( 400005, 4, N'1989-02-10T00:00:00', 9 ), 
( 400005, 5, N'1989-02-10T00:00:00', 5 ), 
( 400005, 6, N'1989-02-10T00:00:00', 6 ), 
( 400005, 7, N'1989-02-10T00:00:00', 5 ), 
( 400006, 1, N'1989-02-10T00:00:00', 9 ), 
( 400006, 2, N'1989-02-10T00:00:00', 10 ), 
( 400006, 3, N'1989-02-10T00:00:00', 10 ), 
( 400006, 4, N'1989-02-10T00:00:00', 6 ), 
( 400006, 5, N'1989-02-10T00:00:00', 5 ), 
( 400006, 6, N'1989-02-10T00:00:00', 9 ), 
( 400006, 7, N'1989-02-10T00:00:00', 3 ), 
( 400007, 1, N'1989-02-10T00:00:00', 10 ), 
( 400007, 2, N'1989-02-10T00:00:00', 3 ), 
( 400007, 3, N'1989-02-10T00:00:00', 8 ), 
( 400007, 4, N'1989-02-10T00:00:00', 9 ), 
( 400007, 5, N'1989-02-10T00:00:00', 8 ), 
( 400007, 6, N'1989-02-10T00:00:00', 6 ), 
( 400007, 7, N'1989-02-10T00:00:00', 5 ), 
( 400008, 1, N'1989-02-10T00:00:00', 10 ), 
( 400008, 2, N'1989-02-10T00:00:00', 6 ), 
( 400008, 3, N'1989-02-10T00:00:00', 7 ), 
( 400008, 4, N'1989-02-10T00:00:00', 4 ), 
( 400008, 5, N'1989-02-10T00:00:00', 5 ), 
( 400008, 6, N'1989-02-10T00:00:00', 7 ), 
( 400008, 7, N'1989-02-10T00:00:00', 10 ), 
( 400009, 1, N'1989-02-10T00:00:00', 10 ), 
( 400009, 2, N'1989-02-10T00:00:00', 7 ), 
( 400009, 3, N'1989-02-10T00:00:00', 3 ), 
( 400009, 4, N'1989-02-10T00:00:00', 5 ), 
( 400009, 5, N'1989-02-10T00:00:00', 8 ), 
( 400009, 6, N'1989-02-10T00:00:00', 7 ), 
( 400009, 7, N'1989-02-10T00:00:00', 8 ), 
( 400010, 1, N'1989-02-10T00:00:00', 10 ), 
( 400010, 2, N'1989-02-10T00:00:00', 5 ), 
( 400010, 3, N'1989-02-10T00:00:00', 5 ), 
( 400010, 4, N'1989-02-10T00:00:00', 7 ), 
( 400010, 5, N'1989-02-10T00:00:00', 3 ), 
( 400010, 6, N'1989-02-10T00:00:00', 3 ), 
( 400010, 7, N'1989-02-10T00:00:00', 5 ), 
( 400011, 1, N'1989-02-10T00:00:00', 7 ), 
( 400011, 2, N'1989-02-10T00:00:00', 7 ), 
( 400011, 3, N'1989-02-10T00:00:00', 7 ), 
( 400011, 4, N'1989-02-10T00:00:00', 4 ), 
( 400011, 5, N'1989-02-10T00:00:00', 7 ), 
( 400011, 6, N'1989-02-10T00:00:00', 7 ), 
( 400011, 7, N'1989-02-10T00:00:00', 8 ), 
( 400012, 1, N'1989-02-10T00:00:00', 10 ), 
( 400012, 2, N'1989-02-10T00:00:00', 7 ), 
( 400012, 3, N'1989-02-10T00:00:00', 6 ), 
( 400012, 4, N'1989-02-10T00:00:00', 8 ), 
( 400012, 5, N'1989-02-10T00:00:00', 9 ), 
( 400012, 6, N'1989-02-10T00:00:00', 10 ), 
( 400012, 7, N'1989-02-10T00:00:00', 8 ), 
( 400013, 1, N'1989-02-10T00:00:00', 9 ), 
( 400013, 2, N'1989-02-10T00:00:00', 8 ), 
( 400013, 3, N'1989-02-10T00:00:00', 4 ), 
( 400013, 4, N'1989-02-10T00:00:00', 7 ), 
( 400013, 5, N'1989-02-10T00:00:00', 5 ), 
( 400013, 6, N'1989-02-10T00:00:00', 5 ), 
( 400013, 7, N'1989-02-10T00:00:00', 4 ), 
( 400014, 1, N'1989-02-10T00:00:00', 4 ), 
( 400014, 2, N'1989-02-10T00:00:00', 7 ), 
( 400014, 3, N'1989-02-10T00:00:00', 9 ), 
( 400014, 4, N'1989-02-10T00:00:00', 3 ), 
( 400014, 5, N'1989-02-10T00:00:00', 9 ), 
( 400014, 6, N'1989-02-10T00:00:00', 9 ), 
( 400014, 7, N'1989-02-10T00:00:00', 5 ), 
( 400015, 1, N'1989-02-10T00:00:00', 5 ), 
( 400015, 2, N'1989-02-10T00:00:00', 4 ), 
( 400015, 3, N'1989-02-10T00:00:00', 5 ), 
( 400015, 4, N'1989-02-10T00:00:00', 10 ), 
( 400015, 5, N'1989-02-10T00:00:00', 3 ), 
( 400015, 6, N'1989-02-10T00:00:00', 10 ), 
( 400015, 7, N'1989-02-10T00:00:00', 5 ), 
( 400016, 1, N'1989-02-10T00:00:00', 8 ), 
( 400016, 2, N'1989-02-10T00:00:00', 10 ), 
( 400016, 3, N'1989-02-10T00:00:00', 4 ), 
( 400016, 4, N'1989-02-10T00:00:00', 3 ), 
( 400016, 5, N'1989-02-10T00:00:00', 5 ), 
( 400016, 6, N'1989-02-10T00:00:00', 10 ), 
( 400016, 7, N'1989-02-10T00:00:00', 10 ), 
( 400017, 1, N'1989-02-10T00:00:00', 3 ), 
( 400017, 2, N'1989-02-10T00:00:00', 4 ), 
( 400017, 3, N'1989-02-10T00:00:00', 9 ), 
( 400017, 4, N'1989-02-10T00:00:00', 8 ), 
( 400017, 5, N'1989-02-10T00:00:00', 6 ), 
( 400017, 6, N'1989-02-10T00:00:00', 7 ), 
( 400017, 7, N'1989-02-10T00:00:00', 8 ), 
( 400018, 1, N'1989-02-10T00:00:00', 7 ), 
( 400018, 2, N'1989-02-10T00:00:00', 6 ), 
( 400018, 3, N'1989-02-10T00:00:00', 5 ), 
( 400018, 4, N'1989-02-10T00:00:00', 8 ), 
( 400018, 5, N'1989-02-10T00:00:00', 5 ), 
( 400018, 6, N'1989-02-10T00:00:00', 7 ), 
( 400018, 7, N'1989-02-10T00:00:00', 7 ), 
( 400019, 1, N'1989-02-10T00:00:00', 6 ), 
( 400019, 2, N'1989-02-10T00:00:00', 5 ), 
( 400019, 3, N'1989-02-10T00:00:00', 3 ), 
( 400019, 4, N'1989-02-10T00:00:00', 7 ), 
( 400019, 5, N'1989-02-10T00:00:00', 4 ), 
( 400019, 6, N'1989-02-10T00:00:00', 10 ), 
( 400019, 7, N'1989-02-10T00:00:00', 6 ), 
( 400020, 1, N'1989-02-10T00:00:00', 9 ), 
( 400020, 2, N'1989-02-10T00:00:00', 4 ), 
( 400020, 3, N'1989-02-10T00:00:00', 5 ), 
( 400020, 4, N'1989-02-10T00:00:00', 8 ), 
( 400020, 5, N'1989-02-10T00:00:00', 7 ), 
( 400020, 6, N'1989-02-10T00:00:00', 9 ), 
( 400020, 7, N'1989-02-10T00:00:00', 6 ), 
( 400001, 1, N'1991-02-10T00:00:00', 8 ), 
( 400001, 2, N'1991-02-10T00:00:00', 3 ), 
( 400001, 3, N'1991-02-10T00:00:00', 5 ), 
( 400001, 4, N'1991-02-10T00:00:00', 10 ), 
( 400001, 5, N'1991-02-10T00:00:00', 7 ), 
( 400001, 6, N'1991-02-10T00:00:00', 9 ), 
( 400001, 7, N'1991-02-10T00:00:00', 8 ), 
( 400002, 1, N'1991-02-10T00:00:00', 3 ), 
( 400002, 2, N'1991-02-10T00:00:00', 5 ), 
( 400002, 3, N'1991-02-10T00:00:00', 3 ), 
( 400002, 4, N'1991-02-10T00:00:00', 4 ), 
( 400002, 5, N'1991-02-10T00:00:00', 10 ), 
( 400002, 6, N'1991-02-10T00:00:00', 6 ), 
( 400002, 7, N'1991-02-10T00:00:00', 8 ), 
( 400003, 1, N'1991-02-10T00:00:00', 6 ), 
( 400003, 2, N'1991-02-10T00:00:00', 5 ), 
( 400003, 3, N'1991-02-10T00:00:00', 9 ), 
( 400003, 4, N'1991-02-10T00:00:00', 9 ), 
( 400003, 5, N'1991-02-10T00:00:00', 4 ), 
( 400003, 6, N'1991-02-10T00:00:00', 4 ), 
( 400003, 7, N'1991-02-10T00:00:00', 5 ), 
( 400004, 1, N'1991-02-10T00:00:00', 5 ), 
( 400004, 2, N'1991-02-10T00:00:00', 3 ), 
( 400004, 3, N'1991-02-10T00:00:00', 4 ), 
( 400004, 4, N'1991-02-10T00:00:00', 9 ), 
( 400004, 5, N'1991-02-10T00:00:00', 10 ), 
( 400004, 6, N'1991-02-10T00:00:00', 10 ), 
( 400004, 7, N'1991-02-10T00:00:00', 9 ), 
( 400005, 1, N'1991-02-10T00:00:00', 8 ), 
( 400005, 2, N'1991-02-10T00:00:00', 4 ), 
( 400005, 3, N'1991-02-10T00:00:00', 5 ), 
( 400005, 4, N'1991-02-10T00:00:00', 9 ), 
( 400005, 5, N'1991-02-10T00:00:00', 5 ), 
( 400005, 6, N'1991-02-10T00:00:00', 6 ), 
( 400005, 7, N'1991-02-10T00:00:00', 5 ), 
( 400006, 1, N'1991-02-10T00:00:00', 9 ), 
( 400006, 2, N'1991-02-10T00:00:00', 10 ), 
( 400006, 3, N'1991-02-10T00:00:00', 10 ), 
( 400006, 4, N'1991-02-10T00:00:00', 6 ), 
( 400006, 5, N'1991-02-10T00:00:00', 5 ), 
( 400006, 6, N'1991-02-10T00:00:00', 9 ), 
( 400006, 7, N'1991-02-10T00:00:00', 3 ), 
( 400007, 1, N'1991-02-10T00:00:00', 10 ), 
( 400007, 2, N'1991-02-10T00:00:00', 3 ), 
( 400007, 3, N'1991-02-10T00:00:00', 8 ), 
( 400007, 4, N'1991-02-10T00:00:00', 9 ), 
( 400007, 5, N'1991-02-10T00:00:00', 8 ), 
( 400007, 6, N'1991-02-10T00:00:00', 6 ), 
( 400007, 7, N'1991-02-10T00:00:00', 5 ), 
( 400008, 1, N'1991-02-10T00:00:00', 10 ), 
( 400008, 2, N'1991-02-10T00:00:00', 6 ), 
( 400008, 3, N'1991-02-10T00:00:00', 7 ), 
( 400008, 4, N'1991-02-10T00:00:00', 4 ), 
( 400008, 5, N'1991-02-10T00:00:00', 5 ), 
( 400008, 6, N'1991-02-10T00:00:00', 7 ), 
( 400008, 7, N'1991-02-10T00:00:00', 10 ), 
( 400009, 1, N'1991-02-10T00:00:00', 10 ), 
( 400009, 2, N'1991-02-10T00:00:00', 7 ), 
( 400009, 3, N'1991-02-10T00:00:00', 3 ), 
( 400009, 4, N'1991-02-10T00:00:00', 5 ), 
( 400009, 5, N'1991-02-10T00:00:00', 8 ), 
( 400009, 6, N'1991-02-10T00:00:00', 7 ), 
( 400009, 7, N'1991-02-10T00:00:00', 8 ), 
( 400010, 1, N'1991-02-10T00:00:00', 10 ), 
( 400010, 2, N'1991-02-10T00:00:00', 5 ), 
( 400010, 3, N'1991-02-10T00:00:00', 5 ), 
( 400010, 4, N'1991-02-10T00:00:00', 7 ), 
( 400010, 5, N'1991-02-10T00:00:00', 3 ), 
( 400010, 6, N'1991-02-10T00:00:00', 3 ), 
( 400010, 7, N'1991-02-10T00:00:00', 5 ), 
( 400011, 1, N'1991-02-10T00:00:00', 7 ), 
( 400011, 2, N'1991-02-10T00:00:00', 7 ), 
( 400011, 3, N'1991-02-10T00:00:00', 7 ), 
( 400011, 4, N'1991-02-10T00:00:00', 4 ), 
( 400011, 5, N'1991-02-10T00:00:00', 7 ), 
( 400011, 6, N'1991-02-10T00:00:00', 7 ), 
( 400011, 7, N'1991-02-10T00:00:00', 8 ), 
( 400012, 1, N'1991-02-10T00:00:00', 10 ), 
( 400012, 2, N'1991-02-10T00:00:00', 7 ), 
( 400012, 3, N'1991-02-10T00:00:00', 6 ), 
( 400012, 4, N'1991-02-10T00:00:00', 8 ), 
( 400012, 5, N'1991-02-10T00:00:00', 9 ), 
( 400012, 6, N'1991-02-10T00:00:00', 10 ), 
( 400012, 7, N'1991-02-10T00:00:00', 8 ), 
( 400013, 1, N'1991-02-10T00:00:00', 9 ), 
( 400013, 2, N'1991-02-10T00:00:00', 8 ), 
( 400013, 3, N'1991-02-10T00:00:00', 4 ), 
( 400013, 4, N'1991-02-10T00:00:00', 7 ), 
( 400013, 5, N'1991-02-10T00:00:00', 5 ), 
( 400013, 6, N'1991-02-10T00:00:00', 5 ), 
( 400013, 7, N'1991-02-10T00:00:00', 4 ), 
( 400014, 1, N'1991-02-10T00:00:00', 4 ), 
( 400014, 2, N'1991-02-10T00:00:00', 7 ), 
( 400014, 3, N'1991-02-10T00:00:00', 9 ), 
( 400014, 4, N'1991-02-10T00:00:00', 3 ), 
( 400014, 5, N'1991-02-10T00:00:00', 9 ), 
( 400014, 6, N'1991-02-10T00:00:00', 9 ), 
( 400014, 7, N'1991-02-10T00:00:00', 5 ), 
( 400015, 1, N'1991-02-10T00:00:00', 5 ), 
( 400015, 2, N'1991-02-10T00:00:00', 4 ), 
( 400015, 3, N'1991-02-10T00:00:00', 5 ), 
( 400015, 4, N'1991-02-10T00:00:00', 10 ), 
( 400015, 5, N'1991-02-10T00:00:00', 3 ), 
( 400015, 6, N'1991-02-10T00:00:00', 10 ), 
( 400015, 7, N'1991-02-10T00:00:00', 5 ), 
( 400016, 1, N'1991-02-10T00:00:00', 8 ), 
( 400016, 2, N'1991-02-10T00:00:00', 10 ), 
( 400016, 3, N'1991-02-10T00:00:00', 4 ), 
( 400016, 4, N'1991-02-10T00:00:00', 3 ), 
( 400016, 5, N'1991-02-10T00:00:00', 5 ), 
( 400016, 6, N'1991-02-10T00:00:00', 10 ), 
( 400016, 7, N'1991-02-10T00:00:00', 10 ), 
( 400017, 1, N'1991-02-10T00:00:00', 3 ), 
( 400017, 2, N'1991-02-10T00:00:00', 4 ), 
( 400017, 3, N'1991-02-10T00:00:00', 9 ), 
( 400017, 4, N'1991-02-10T00:00:00', 8 ), 
( 400017, 5, N'1991-02-10T00:00:00', 6 ), 
( 400017, 6, N'1991-02-10T00:00:00', 7 ), 
( 400017, 7, N'1991-02-10T00:00:00', 8 ), 
( 400018, 1, N'1991-02-10T00:00:00', 7 ), 
( 400018, 2, N'1991-02-10T00:00:00', 6 ), 
( 400018, 3, N'1991-02-10T00:00:00', 5 ), 
( 400018, 4, N'1991-02-10T00:00:00', 8 ), 
( 400018, 5, N'1991-02-10T00:00:00', 5 ), 
( 400018, 6, N'1991-02-10T00:00:00', 7 ), 
( 400018, 7, N'1991-02-10T00:00:00', 7 ), 
( 400019, 1, N'1991-02-10T00:00:00', 6 ), 
( 400019, 2, N'1991-02-10T00:00:00', 5 ), 
( 400019, 3, N'1991-02-10T00:00:00', 3 ), 
( 400019, 4, N'1991-02-10T00:00:00', 7 ), 
( 400019, 5, N'1991-02-10T00:00:00', 4 ), 
( 400019, 6, N'1991-02-10T00:00:00', 10 ), 
( 400019, 7, N'1991-02-10T00:00:00', 6 ), 
( 400020, 1, N'1991-02-10T00:00:00', 9 ), 
( 400020, 2, N'1991-02-10T00:00:00', 4 ), 
( 400020, 3, N'1991-02-10T00:00:00', 5 ), 
( 400020, 4, N'1991-02-10T00:00:00', 8 ), 
( 400020, 5, N'1991-02-10T00:00:00', 7 ), 
( 400020, 6, N'1991-02-10T00:00:00', 9 ), 
( 400020, 7, N'1991-02-10T00:00:00', 6 ), 
( 400001, 1, N'1991-02-12T00:00:00', 8 ), 
( 400001, 2, N'1991-02-12T00:00:00', 3 ), 
( 400001, 3, N'1991-02-12T00:00:00', 5 ), 
( 400001, 4, N'1991-02-12T00:00:00', 10 ), 
( 400001, 5, N'1991-02-12T00:00:00', 7 ), 
( 400001, 6, N'1991-02-12T00:00:00', 9 ), 
( 400001, 7, N'1991-02-12T00:00:00', 8 ), 
( 400002, 1, N'1991-02-12T00:00:00', 3 ), 
( 400002, 2, N'1991-02-12T00:00:00', 5 ), 
( 400002, 3, N'1991-02-12T00:00:00', 3 ), 
( 400002, 4, N'1991-02-12T00:00:00', 4 ), 
( 400002, 5, N'1991-02-12T00:00:00', 10 ), 
( 400002, 6, N'1991-02-12T00:00:00', 6 ), 
( 400002, 7, N'1991-02-12T00:00:00', 8 ), 
( 400003, 1, N'1991-02-12T00:00:00', 6 ), 
( 400003, 2, N'1991-02-12T00:00:00', 5 ), 
( 400003, 3, N'1991-02-12T00:00:00', 9 ), 
( 400003, 4, N'1991-02-12T00:00:00', 9 ), 
( 400003, 5, N'1991-02-12T00:00:00', 4 ), 
( 400003, 6, N'1991-02-12T00:00:00', 4 ), 
( 400003, 7, N'1991-02-12T00:00:00', 5 ), 
( 400004, 1, N'1991-02-12T00:00:00', 5 ), 
( 400004, 2, N'1991-02-12T00:00:00', 3 ), 
( 400004, 3, N'1991-02-12T00:00:00', 4 ), 
( 400004, 4, N'1991-02-12T00:00:00', 9 ), 
( 400004, 5, N'1991-02-12T00:00:00', 10 ), 
( 400004, 6, N'1991-02-12T00:00:00', 10 ), 
( 400004, 7, N'1991-02-12T00:00:00', 9 ), 
( 400005, 1, N'1991-02-12T00:00:00', 8 ), 
( 400005, 2, N'1991-02-12T00:00:00', 4 ), 
( 400005, 3, N'1991-02-12T00:00:00', 5 ), 
( 400005, 4, N'1991-02-12T00:00:00', 9 ), 
( 400005, 5, N'1991-02-12T00:00:00', 5 ), 
( 400005, 6, N'1991-02-12T00:00:00', 6 ), 
( 400005, 7, N'1991-02-12T00:00:00', 5 ), 
( 400006, 1, N'1991-02-12T00:00:00', 9 ), 
( 400006, 2, N'1991-02-12T00:00:00', 10 ), 
( 400006, 3, N'1991-02-12T00:00:00', 10 ), 
( 400006, 4, N'1991-02-12T00:00:00', 6 ), 
( 400006, 5, N'1991-02-12T00:00:00', 5 ), 
( 400006, 6, N'1991-02-12T00:00:00', 9 ), 
( 400006, 7, N'1991-02-12T00:00:00', 3 ), 
( 400007, 1, N'1991-02-12T00:00:00', 10 ), 
( 400007, 2, N'1991-02-12T00:00:00', 3 ), 
( 400007, 3, N'1991-02-12T00:00:00', 8 ), 
( 400007, 4, N'1991-02-12T00:00:00', 9 ), 
( 400007, 5, N'1991-02-12T00:00:00', 8 ), 
( 400007, 6, N'1991-02-12T00:00:00', 6 ), 
( 400007, 7, N'1991-02-12T00:00:00', 5 ), 
( 400008, 1, N'1991-02-12T00:00:00', 10 ), 
( 400008, 2, N'1991-02-12T00:00:00', 6 ), 
( 400008, 3, N'1991-02-12T00:00:00', 7 ), 
( 400008, 4, N'1991-02-12T00:00:00', 4 ), 
( 400008, 5, N'1991-02-12T00:00:00', 5 ), 
( 400008, 6, N'1991-02-12T00:00:00', 7 ), 
( 400008, 7, N'1991-02-12T00:00:00', 10 ), 
( 400009, 1, N'1991-02-12T00:00:00', 10 ), 
( 400009, 2, N'1991-02-12T00:00:00', 7 ), 
( 400009, 3, N'1991-02-12T00:00:00', 3 ), 
( 400009, 4, N'1991-02-12T00:00:00', 5 ), 
( 400009, 5, N'1991-02-12T00:00:00', 8 ), 
( 400009, 6, N'1991-02-12T00:00:00', 7 ), 
( 400009, 7, N'1991-02-12T00:00:00', 8 ), 
( 400010, 1, N'1991-02-12T00:00:00', 10 ), 
( 400010, 2, N'1991-02-12T00:00:00', 5 ), 
( 400010, 3, N'1991-02-12T00:00:00', 5 ), 
( 400010, 4, N'1991-02-12T00:00:00', 7 ), 
( 400010, 5, N'1991-02-12T00:00:00', 3 ), 
( 400010, 6, N'1991-02-12T00:00:00', 3 ), 
( 400010, 7, N'1991-02-12T00:00:00', 5 ), 
( 400011, 1, N'1991-02-12T00:00:00', 7 ), 
( 400011, 2, N'1991-02-12T00:00:00', 7 ), 
( 400011, 3, N'1991-02-12T00:00:00', 7 ), 
( 400011, 4, N'1991-02-12T00:00:00', 4 ), 
( 400011, 5, N'1991-02-12T00:00:00', 7 ), 
( 400011, 6, N'1991-02-12T00:00:00', 7 ), 
( 400011, 7, N'1991-02-12T00:00:00', 8 ), 
( 400012, 1, N'1991-02-12T00:00:00', 10 ), 
( 400012, 2, N'1991-02-12T00:00:00', 7 ), 
( 400012, 3, N'1991-02-12T00:00:00', 6 ), 
( 400012, 4, N'1991-02-12T00:00:00', 8 ), 
( 400012, 5, N'1991-02-12T00:00:00', 9 ), 
( 400012, 6, N'1991-02-12T00:00:00', 10 ), 
( 400012, 7, N'1991-02-12T00:00:00', 8 ), 
( 400013, 1, N'1991-02-12T00:00:00', 9 ), 
( 400013, 2, N'1991-02-12T00:00:00', 8 ), 
( 400013, 3, N'1991-02-12T00:00:00', 4 ), 
( 400013, 4, N'1991-02-12T00:00:00', 7 ), 
( 400013, 5, N'1991-02-12T00:00:00', 5 ), 
( 400013, 6, N'1991-02-12T00:00:00', 5 ), 
( 400013, 7, N'1991-02-12T00:00:00', 4 ), 
( 400014, 1, N'1991-02-12T00:00:00', 4 ), 
( 400014, 2, N'1991-02-12T00:00:00', 7 ), 
( 400014, 3, N'1991-02-12T00:00:00', 9 ), 
( 400014, 4, N'1991-02-12T00:00:00', 3 ), 
( 400014, 5, N'1991-02-12T00:00:00', 9 ), 
( 400014, 6, N'1991-02-12T00:00:00', 9 ), 
( 400014, 7, N'1991-02-12T00:00:00', 5 ), 
( 400015, 1, N'1991-02-12T00:00:00', 5 ), 
( 400015, 2, N'1991-02-12T00:00:00', 4 ), 
( 400015, 3, N'1991-02-12T00:00:00', 5 ), 
( 400015, 4, N'1991-02-12T00:00:00', 10 ), 
( 400015, 5, N'1991-02-12T00:00:00', 3 ), 
( 400015, 6, N'1991-02-12T00:00:00', 10 ), 
( 400015, 7, N'1991-02-12T00:00:00', 5 ), 
( 400016, 1, N'1991-02-12T00:00:00', 8 ), 
( 400016, 2, N'1991-02-12T00:00:00', 10 ), 
( 400016, 3, N'1991-02-12T00:00:00', 4 ), 
( 400016, 4, N'1991-02-12T00:00:00', 3 ), 
( 400016, 5, N'1991-02-12T00:00:00', 5 ), 
( 400016, 6, N'1991-02-12T00:00:00', 10 ), 
( 400016, 7, N'1991-02-12T00:00:00', 10 ), 
( 400017, 1, N'1991-02-12T00:00:00', 3 ), 
( 400017, 2, N'1991-02-12T00:00:00', 4 ), 
( 400017, 3, N'1991-02-12T00:00:00', 9 ), 
( 400017, 4, N'1991-02-12T00:00:00', 8 ), 
( 400017, 5, N'1991-02-12T00:00:00', 6 ), 
( 400017, 6, N'1991-02-12T00:00:00', 7 ), 
( 400017, 7, N'1991-02-12T00:00:00', 8 ), 
( 400018, 1, N'1991-02-12T00:00:00', 7 ), 
( 400018, 2, N'1991-02-12T00:00:00', 6 ), 
( 400018, 3, N'1991-02-12T00:00:00', 5 ), 
( 400018, 4, N'1991-02-12T00:00:00', 8 ), 
( 400018, 5, N'1991-02-12T00:00:00', 5 ), 
( 400018, 6, N'1991-02-12T00:00:00', 7 ), 
( 400018, 7, N'1991-02-12T00:00:00', 7 ), 
( 400019, 1, N'1991-02-12T00:00:00', 6 ), 
( 400019, 2, N'1991-02-12T00:00:00', 5 ), 
( 400019, 3, N'1991-02-12T00:00:00', 3 ), 
( 400019, 4, N'1991-02-12T00:00:00', 7 ), 
( 400019, 5, N'1991-02-12T00:00:00', 4 ), 
( 400019, 6, N'1991-02-12T00:00:00', 10 ), 
( 400019, 7, N'1991-02-12T00:00:00', 6 ), 
( 400020, 1, N'1991-02-12T00:00:00', 9 ), 
( 400020, 2, N'1991-02-12T00:00:00', 4 ), 
( 400020, 3, N'1991-02-12T00:00:00', 5 ), 
( 400020, 4, N'1991-02-12T00:00:00', 8 ), 
( 400020, 5, N'1991-02-12T00:00:00', 7 ), 
( 400020, 6, N'1991-02-12T00:00:00', 9 ), 
( 400020, 7, N'1991-02-12T00:00:00', 6 ), 
( 400001, 1, N'1992-10-11T00:00:00', 8 ), 
( 400001, 2, N'1992-10-11T00:00:00', 3 ), 
( 400001, 3, N'1992-10-11T00:00:00', 5 ), 
( 400001, 4, N'1992-10-11T00:00:00', 10 ), 
( 400001, 5, N'1992-10-11T00:00:00', 7 ), 
( 400001, 6, N'1992-10-11T00:00:00', 9 ), 
( 400001, 7, N'1992-10-11T00:00:00', 8 ), 
( 400002, 1, N'1992-10-11T00:00:00', 3 ), 
( 400002, 2, N'1992-10-11T00:00:00', 5 ), 
( 400002, 3, N'1992-10-11T00:00:00', 3 ), 
( 400002, 4, N'1992-10-11T00:00:00', 4 ), 
( 400002, 5, N'1992-10-11T00:00:00', 10 ), 
( 400002, 6, N'1992-10-11T00:00:00', 6 ), 
( 400002, 7, N'1992-10-11T00:00:00', 8 ), 
( 400003, 1, N'1992-10-11T00:00:00', 6 ), 
( 400003, 2, N'1992-10-11T00:00:00', 5 ), 
( 400003, 3, N'1992-10-11T00:00:00', 9 ), 
( 400003, 4, N'1992-10-11T00:00:00', 9 ), 
( 400003, 5, N'1992-10-11T00:00:00', 4 ), 
( 400003, 6, N'1992-10-11T00:00:00', 4 ), 
( 400003, 7, N'1992-10-11T00:00:00', 5 ), 
( 400004, 1, N'1992-10-11T00:00:00', 5 ), 
( 400004, 2, N'1992-10-11T00:00:00', 3 ), 
( 400004, 3, N'1992-10-11T00:00:00', 4 ), 
( 400004, 4, N'1992-10-11T00:00:00', 9 ), 
( 400004, 5, N'1992-10-11T00:00:00', 10 ), 
( 400004, 6, N'1992-10-11T00:00:00', 10 ), 
( 400004, 7, N'1992-10-11T00:00:00', 9 ), 
( 400005, 1, N'1992-10-11T00:00:00', 8 ), 
( 400005, 2, N'1992-10-11T00:00:00', 4 ), 
( 400005, 3, N'1992-10-11T00:00:00', 5 ), 
( 400005, 4, N'1992-10-11T00:00:00', 9 ), 
( 400005, 5, N'1992-10-11T00:00:00', 5 ), 
( 400005, 6, N'1992-10-11T00:00:00', 6 ), 
( 400005, 7, N'1992-10-11T00:00:00', 5 ), 
( 400006, 1, N'1992-10-11T00:00:00', 9 ), 
( 400006, 2, N'1992-10-11T00:00:00', 10 ), 
( 400006, 3, N'1992-10-11T00:00:00', 10 ), 
( 400006, 4, N'1992-10-11T00:00:00', 6 ), 
( 400006, 5, N'1992-10-11T00:00:00', 5 ), 
( 400006, 6, N'1992-10-11T00:00:00', 9 ), 
( 400006, 7, N'1992-10-11T00:00:00', 3 ), 
( 400007, 1, N'1992-10-11T00:00:00', 10 ), 
( 400007, 2, N'1992-10-11T00:00:00', 3 ), 
( 400007, 3, N'1992-10-11T00:00:00', 8 ), 
( 400007, 4, N'1992-10-11T00:00:00', 9 ), 
( 400007, 5, N'1992-10-11T00:00:00', 8 ), 
( 400007, 6, N'1992-10-11T00:00:00', 6 ), 
( 400007, 7, N'1992-10-11T00:00:00', 5 ), 
( 400008, 1, N'1992-10-11T00:00:00', 10 ), 
( 400008, 2, N'1992-10-11T00:00:00', 6 ), 
( 400008, 3, N'1992-10-11T00:00:00', 7 ), 
( 400008, 4, N'1992-10-11T00:00:00', 4 ), 
( 400008, 5, N'1992-10-11T00:00:00', 5 ), 
( 400008, 6, N'1992-10-11T00:00:00', 7 ), 
( 400008, 7, N'1992-10-11T00:00:00', 10 ), 
( 400009, 1, N'1992-10-11T00:00:00', 10 ), 
( 400009, 2, N'1992-10-11T00:00:00', 7 ), 
( 400009, 3, N'1992-10-11T00:00:00', 3 ), 
( 400009, 4, N'1992-10-11T00:00:00', 5 ), 
( 400009, 5, N'1992-10-11T00:00:00', 8 ), 
( 400009, 6, N'1992-10-11T00:00:00', 7 ), 
( 400009, 7, N'1992-10-11T00:00:00', 8 ), 
( 400010, 1, N'1992-10-11T00:00:00', 10 ), 
( 400010, 2, N'1992-10-11T00:00:00', 5 ), 
( 400010, 3, N'1992-10-11T00:00:00', 5 ), 
( 400010, 4, N'1992-10-11T00:00:00', 7 ), 
( 400010, 5, N'1992-10-11T00:00:00', 3 ), 
( 400010, 6, N'1992-10-11T00:00:00', 3 ), 
( 400010, 7, N'1992-10-11T00:00:00', 5 ), 
( 400011, 1, N'1992-10-11T00:00:00', 7 ), 
( 400011, 2, N'1992-10-11T00:00:00', 7 ), 
( 400011, 3, N'1992-10-11T00:00:00', 7 ), 
( 400011, 4, N'1992-10-11T00:00:00', 4 ), 
( 400011, 5, N'1992-10-11T00:00:00', 7 ), 
( 400011, 6, N'1992-10-11T00:00:00', 7 ), 
( 400011, 7, N'1992-10-11T00:00:00', 8 ), 
( 400012, 1, N'1992-10-11T00:00:00', 10 ), 
( 400012, 2, N'1992-10-11T00:00:00', 7 ), 
( 400012, 3, N'1992-10-11T00:00:00', 6 ), 
( 400012, 4, N'1992-10-11T00:00:00', 8 ), 
( 400012, 5, N'1992-10-11T00:00:00', 9 ), 
( 400012, 6, N'1992-10-11T00:00:00', 10 ), 
( 400012, 7, N'1992-10-11T00:00:00', 8 ), 
( 400013, 1, N'1992-10-11T00:00:00', 9 ), 
( 400013, 2, N'1992-10-11T00:00:00', 8 ), 
( 400013, 3, N'1992-10-11T00:00:00', 4 ), 
( 400013, 4, N'1992-10-11T00:00:00', 7 ), 
( 400013, 5, N'1992-10-11T00:00:00', 5 ), 
( 400013, 6, N'1992-10-11T00:00:00', 5 ), 
( 400013, 7, N'1992-10-11T00:00:00', 4 ), 
( 400014, 1, N'1992-10-11T00:00:00', 4 ), 
( 400014, 2, N'1992-10-11T00:00:00', 7 ), 
( 400014, 3, N'1992-10-11T00:00:00', 9 ), 
( 400014, 4, N'1992-10-11T00:00:00', 3 ), 
( 400014, 5, N'1992-10-11T00:00:00', 9 ), 
( 400014, 6, N'1992-10-11T00:00:00', 9 ), 
( 400014, 7, N'1992-10-11T00:00:00', 5 ), 
( 400015, 1, N'1992-10-11T00:00:00', 5 ), 
( 400015, 2, N'1992-10-11T00:00:00', 4 ), 
( 400015, 3, N'1992-10-11T00:00:00', 5 ), 
( 400015, 4, N'1992-10-11T00:00:00', 10 ), 
( 400015, 5, N'1992-10-11T00:00:00', 3 ), 
( 400015, 6, N'1992-10-11T00:00:00', 10 ), 
( 400015, 7, N'1992-10-11T00:00:00', 5 ), 
( 400016, 1, N'1992-10-11T00:00:00', 8 ), 
( 400016, 2, N'1992-10-11T00:00:00', 10 ), 
( 400016, 3, N'1992-10-11T00:00:00', 4 ), 
( 400016, 4, N'1992-10-11T00:00:00', 3 ), 
( 400016, 5, N'1992-10-11T00:00:00', 5 ), 
( 400016, 6, N'1992-10-11T00:00:00', 10 ), 
( 400016, 7, N'1992-10-11T00:00:00', 10 ), 
( 400017, 1, N'1992-10-11T00:00:00', 3 ), 
( 400017, 2, N'1992-10-11T00:00:00', 4 ), 
( 400017, 3, N'1992-10-11T00:00:00', 9 ), 
( 400017, 4, N'1992-10-11T00:00:00', 8 ), 
( 400017, 5, N'1992-10-11T00:00:00', 6 ), 
( 400017, 6, N'1992-10-11T00:00:00', 7 ), 
( 400017, 7, N'1992-10-11T00:00:00', 8 ), 
( 400018, 1, N'1992-10-11T00:00:00', 7 ), 
( 400018, 2, N'1992-10-11T00:00:00', 6 ), 
( 400018, 3, N'1992-10-11T00:00:00', 5 ), 
( 400018, 4, N'1992-10-11T00:00:00', 8 ), 
( 400018, 5, N'1992-10-11T00:00:00', 5 ), 
( 400018, 6, N'1992-10-11T00:00:00', 7 ), 
( 400018, 7, N'1992-10-11T00:00:00', 7 ), 
( 400019, 1, N'1992-10-11T00:00:00', 6 ), 
( 400019, 2, N'1992-10-11T00:00:00', 5 ), 
( 400019, 3, N'1992-10-11T00:00:00', 3 ), 
( 400019, 4, N'1992-10-11T00:00:00', 7 ), 
( 400019, 5, N'1992-10-11T00:00:00', 4 ), 
( 400019, 6, N'1992-10-11T00:00:00', 10 ), 
( 400019, 7, N'1992-10-11T00:00:00', 6 ), 
( 400020, 1, N'1992-10-11T00:00:00', 9 ), 
( 400020, 2, N'1992-10-11T00:00:00', 4 ), 
( 400020, 3, N'1992-10-11T00:00:00', 5 ), 
( 400020, 4, N'1992-10-11T00:00:00', 8 ), 
( 400020, 5, N'1992-10-11T00:00:00', 7 ), 
( 400020, 6, N'1992-10-11T00:00:00', 9 ), 
( 400020, 7, N'1992-10-11T00:00:00', 6 ), 
( 400001, 1, N'1988-07-08T00:00:00', 8 ), 
( 400001, 2, N'1988-07-08T00:00:00', 3 ), 
( 400001, 3, N'1988-07-08T00:00:00', 5 ), 
( 400001, 4, N'1988-07-08T00:00:00', 10 ), 
( 400001, 5, N'1988-07-08T00:00:00', 7 ), 
( 400001, 6, N'1988-07-08T00:00:00', 9 ), 
( 400001, 7, N'1988-07-08T00:00:00', 8 ), 
( 400002, 1, N'1988-07-08T00:00:00', 3 ), 
( 400002, 2, N'1988-07-08T00:00:00', 5 ), 
( 400002, 3, N'1988-07-08T00:00:00', 3 ), 
( 400002, 4, N'1988-07-08T00:00:00', 4 ), 
( 400002, 5, N'1988-07-08T00:00:00', 10 ), 
( 400002, 6, N'1988-07-08T00:00:00', 6 ), 
( 400002, 7, N'1988-07-08T00:00:00', 8 ), 
( 400003, 1, N'1988-07-08T00:00:00', 6 ), 
( 400003, 2, N'1988-07-08T00:00:00', 5 ), 
( 400003, 3, N'1988-07-08T00:00:00', 9 ), 
( 400003, 4, N'1988-07-08T00:00:00', 9 ), 
( 400003, 5, N'1988-07-08T00:00:00', 4 ), 
( 400003, 6, N'1988-07-08T00:00:00', 4 )
